Date,AAPL,AMGN,AMZN,AXP,BA,CAT,CRM,CSCO,CVX,DIS,GS,HD,HON,IBM,JNJ,JPM,KO,MCD,MMM,MRK,MSFT,NKE,NVDA,PG,SHW,TRV,UNH,V,VZ,WMT
2025-07-01,207.82,290.52,220.46,322.53,209.79,390.92,271.91,69.1,145.57,123.49,706.46,373.16,225.04,291.2,155.92,290.41,71.67,297.49,153.81,81.81,492.05,73.41,153.3,161.22,355.3,267,326.14,355.47,43.68,98.24
2025-07-02,212.44,296.85,219.92,325.61,212.03,398.43,269.21,68.59,147.98,122.98,715.89,371.85,225.5,287.65,155.56,292,70.91,294.63,153.97,82.39,491.09,76.39,157.25,161.2,352.51,257.34,307.56,354.22,43.59,97.61
2025-07-03,213.55,298.24,223.41,328.13,215.92,397.86,272.15,69.37,148.37,124,723.68,371.68,226.58,291.97,156.01,296,71.35,294.08,152.94,80.93,498.84,76.39,159.34,160.83,354,264.13,308.55,358.86,43.55,98.36
2025-07-07,209.95,292.95,223.47,322.73,218.63,391.51,269.8,68.93,147.4,123.16,710.93,367.64,225.59,292.47,155.27,291.97,71.01,293.53,151.84,80.9,497.72,76.53,158.24,160.5,346.29,258.99,303.71,356.64,42.8,99.35
2025-07-08,210.01,297,219.36,316.98,218.52,394.29,273.65,68.59,153.24,121.82,697.28,367.5,226.01,290.42,155.79,282.78,70.24,291.67,153.74,81.37,496.62,73.92,160,157.89,346,256.39,307.7,354.55,43.06,97.09
2025-07-09,211.14,296.52,222.54,317.35,226.6,402.18,270.92,69.27,153.02,120.61,696.56,371.04,225,290.14,156.28,283.16,69.48,293.02,155.98,83.71,503.51,73.56,162.88,157.52,351.54,255.32,302.91,357.76,42.61,96.81
2025-07-10,212.41,300.37,222.26,325.24,226.09,408.33,263.97,68.76,154.17,121.56,709.12,373.3,223.16,287.43,157.69,288.19,69.77,298.39,157.32,84.02,501.48,74.62,164.1,158.49,351.83,255.99,299.51,355.88,42.03,94.86
2025-07-11,211.16,295.27,225.02,319.47,226.84,405.92,258.07,67.95,155.31,119.87,704.95,370.07,222.37,283.59,156.9,286.86,69.87,299.91,155.84,83.36,503.32,72.63,164.92,157.05,345.93,254.48,304.1,347.93,41.62,94.4
2025-07-14,208.62,297.03,225.69,320.92,230.51,405.77,259.68,67.82,151.65,119.97,713.3,370.11,224.37,283.79,156.82,288.7,69.47,301.88,157.91,83.67,503.02,72.25,164.07,153.76,344.5,255.47,300.58,350.5,41.58,95.78
2025-07-15,209.11,292.51,226.35,310.65,230,404.64,257.58,67.18,150.69,118.98,702.51,358.64,221.77,282.7,155.17,286.55,69.36,299.62,156.59,81.52,505.82,71.99,170.7,152.68,339.05,250.62,291.71,347.02,41.26,95.39
2025-07-16,210.16,299.02,223.19,311.9,229.9,412.88,257.95,67.37,149.92,119.82,708.82,357.4,223.26,281.92,164.78,285.82,69.27,298.9,157.56,82.43,505.62,72.1,171.37,153.73,339.86,252.19,292.49,349.9,41.25,95.15
2025-07-17,210.02,298.25,223.88,315.35,231,418.07,259.88,68.3,151.38,122.21,705.84,359.04,224.67,282,162.98,289.9,70.59,300.37,159.04,81.52,511.7,72.98,173,155.62,339.9,261.81,288.07,349.81,40.95,95.09
2025-07-18,211.18,294.76,226.13,307.95,229.34,413.71,262.38,68.05,150.04,121.42,708.26,359.4,222.94,285.87,163.7,291.27,69.85,297.07,153.23,79.96,510.05,72.47,172.41,155.1,340.07,265.97,282.65,349.05,40.84,95.05
2025-07-21,212.48,295.87,229.3,302.97,229.32,410.07,262.28,68.34,149.68,120.84,706,364.04,221.7,284.71,164.36,290.97,70.07,295.74,152.82,79.31,510.06,74.02,171.38,155.03,341.3,263.24,282.14,350.94,42.49,95.67
2025-07-22,214.4,305.69,227.47,304.14,228.48,417.19,263.59,68.16,150.04,121.06,700.41,371.01,222.98,281.96,167.93,291.43,69.66,299.17,151.2,81.61,505.27,75.39,167.03,158.32,340.07,266.78,285.13,351.86,42.96,95.85
2025-07-23,214.15,309.22,228.29,308.66,233.88,427.59,267.22,68.62,153.12,122.94,717.52,376.35,225.51,282.01,169.1,296.76,69.16,298.12,150.82,83.98,505.87,76.75,170.78,158.28,342.94,264.74,292.51,355.29,42.84,95.68
2025-07-24,213.76,308.55,232.23,308.25,231.27,429.52,267.7,68.29,155.83,121.95,719.18,373.09,211.57,260.51,169.56,296.55,69.1,294.48,149.3,84.11,510.88,75.42,173.74,158.81,340.21,261.99,278.58,353.97,43.08,96.6
2025-07-25,213.88,306.58,231.44,311.61,233.06,433.75,269.11,68.69,154.84,121.47,728.98,375.34,211.35,259.72,168.3,298.62,69.17,298.47,151.27,84.71,513.71,76.27,173.5,158.3,340.1,261.05,281.06,357.04,43.08,97.47
2025-07-28,214.05,301.29,232.79,310.74,236.41,432.94,270.25,67.92,156.28,120.37,723.65,377.23,212.14,263.21,166.22,298.28,68.09,299.22,152.05,84.06,512.5,79.24,176.75,157.11,336.16,254.91,282.12,355.47,42.36,97.61
2025-07-29,211.27,303.56,231.01,308.54,226.08,430.05,267.39,67.96,157.03,119.91,731.98,377.34,208.97,262.41,168.11,297.04,69.38,302.67,151.79,82.63,512.57,78.33,175.51,156.61,336.97,259.82,261.07,351.29,42.71,98.33
2025-07-30,209.05,301.37,230.19,303.41,225.84,434.12,264.81,68.28,153.56,119.54,730.75,372.08,209.39,260.26,167.26,299.63,68.75,303.61,146.62,81.75,513.24,76.68,179.27,152.88,331.98,258.92,266.04,350.91,42.6,97.59
2025-07-31,207.57,295.1,234.11,299.31,221.84,438.02,258.33,68.08,151.64,119.11,723.59,367.51,209.57,253.15,164.74,296.24,67.89,300.07,149.22,78.12,533.5,74.69,177.87,150.47,330.88,260.24,249.56,345.47,42.76,97.98
2025-08-01,202.38,296.88,214.75,294.27,221.9,428.69,250.74,67.11,151.4,116.59,709.57,373.66,205.19,250.05,167.33,289.37,68.86,302.89,144.41,79.29,524.11,74.62,173.72,150.65,343.41,258.32,237.77,339.35,42.88,98.49
2025-08-04,203.35,301.94,211.65,298.59,222.34,433.7,252.32,68.49,151.04,119.35,726.03,380.82,208.1,251.98,171.04,294.26,68.96,304.23,147.87,79.86,535.64,74.82,180,150.76,347.85,263,240.98,342.15,42.95,99.59
2025-08-05,202.92,300.08,213.75,296.64,224.86,434.23,247.49,67.52,153.04,118.32,720.91,385.41,208.35,250.67,170.74,291.37,69.05,298.77,150.09,80.79,527.75,74.38,178.26,150.51,352.09,265.17,251,337.43,42.67,99.31
2025-08-06,213.25,284.67,222.31,295.54,225.04,427.72,249.17,69.21,152.78,115.17,724.74,386.8,206.63,252.28,170.59,291.35,69.51,307.66,150.82,79.44,524.94,75.48,179.42,152.86,350.73,267.58,245.78,339.74,42.35,103.36
2025-08-07,220.03,284.7,223.13,294.73,227.33,417.12,240.88,69.9,153.16,112.88,719.74,386.17,204.13,250.16,171.53,286.94,70.43,307.91,151.74,80.37,520.84,74.35,180.77,153.49,349.93,265.36,244.67,332.09,42.95,103.12
2025-08-08,229.35,288.23,222.69,297.43,229.12,416.52,240.51,71.79,155.01,112.43,721.27,387.85,203.87,242.27,173.33,288.76,70.34,305.45,153.3,80.69,522.04,74.19,182.7,153.51,352.16,264.87,250.89,336.78,43.15,103.73
2025-08-11,227.18,285.09,221.3,296.23,225.96,408.54,232.68,70.67,153.45,112.55,719.24,387.53,204.01,236.3,173.82,289.56,70.75,304.36,155.31,80.03,521.77,74.02,182.06,154.98,354.58,264.26,252.37,335.9,43.18,103.93
2025-08-12,229.65,284.98,221.47,303.21,232.61,412.71,231.66,71.38,154.44,113.72,743.38,396,204.53,234.77,172.78,292.85,70.71,301.64,157.85,80.3,529.24,74.9,183.16,155.09,358.09,263.93,261.57,336.74,43.25,103.62
2025-08-13,233.33,289.33,224.56,306.87,233.37,413.7,237.03,70.4,155.87,116.64,744.69,407.18,207.11,240.07,174.42,290.53,70.46,305.07,160.2,82.71,520.58,77.2,181.59,155.41,368.83,269.3,271.81,342.55,43.71,100.99
2025-08-14,232.78,290.29,230.98,307.73,233.19,417.5,233.37,69.3,155.16,116.31,747.2,400.32,205.66,237.11,174.72,294.16,69.55,308.95,156.65,82.76,522.48,76.39,182.02,153.74,365.57,268.59,271.49,345.49,43.5,100.85
2025-08-15,231.59,296.47,231.03,305.47,235.26,407.79,242.44,66.2,156.55,115.39,730.72,399.38,204.31,239.72,176.64,290.49,69.92,308.93,152.39,84.21,520.17,76.97,180.45,154.36,364.4,265.59,304.01,344.47,44.24,100
2025-08-18,230.89,292.62,231.49,307.05,232.41,412.64,243.97,66.95,155.32,116.55,730.96,394.7,203.96,239.45,176.25,291.53,69.13,308.7,152.86,84.22,517.1,77.43,182.01,155.72,358.85,264.92,308.49,342.74,44.39,100.7
2025-08-19,230.56,295.55,228.01,306.1,225,416.09,246,66.76,152,116.27,721.38,407.2,204.28,241.28,177.8,290.66,70.13,310.93,154.34,84.93,509.77,76.88,175.64,158.4,367.93,268.87,304.24,342.45,44.94,101.29
2025-08-20,226.01,296.45,223.81,308.4,225.62,420.59,246.45,67.11,153.22,117.04,720.68,401.74,204.52,242.55,178.84,292.24,70.7,313.08,154.75,84.66,505.72,76.26,175.4,159.51,367.13,274.39,299.84,343.93,45.06,102.57
2025-08-21,224.9,295.76,221.95,308.17,224.46,417.89,245.83,67.02,155.55,116.21,715.95,397.7,204.92,239.4,178.93,291.47,70.66,313.22,154.38,86.08,504.24,76.18,174.98,158.73,363.86,274.92,303.35,343.69,45.03,97.96
2025-08-22,227.76,293.72,228.84,319.16,230.12,435.67,248.29,67.32,158.18,118.86,741.89,412.79,210.02,242.09,179.29,296.24,70.13,314.07,158.72,87.37,507.23,78.38,177.99,158.67,372.93,276.29,307.42,350.04,44.44,96.83
2025-08-25,227.16,288.47,227.94,315.8,226.87,432.3,247.87,67.14,158.2,117.71,738.79,408.9,207.93,239.43,178.41,294.9,68.93,313.44,155.85,85.31,504.26,79.17,179.81,156.15,367,272.34,304.86,348.82,44.23,96.07
2025-08-26,229.31,289.58,228.71,320.6,234.83,431.26,243.74,68.39,157.36,117.65,748.95,407.54,209.76,242.63,176.49,298.57,68.73,312.94,156.57,84.99,502.04,78.65,181.77,155.97,366.46,270.89,300.43,351.18,43.96,96.05
2025-08-27,230.49,287.97,229.12,322.46,235.62,432.67,250.16,68.44,159.24,118.09,749.67,408.24,208.53,244.84,176.79,299.28,68.83,311.43,156.53,84.07,506.74,78.06,181.6,156.96,367.4,272.21,303.88,350.35,44.27,96.08
2025-08-28,232.56,285.61,231.6,326.99,236.16,434.91,254.53,69.43,159.32,117.64,751.22,407.45,208.62,245.73,175.45,301.07,68.36,312.22,157.56,83.21,509.64,77.92,180.17,155.65,366.18,270.28,302.29,349.86,43.93,96.11
2025-08-29,232.14,287.71,229,331.28,234.68,419.04,256.25,69.09,160.6,118.38,745.25,406.77,206.88,243.49,177.17,301.42,68.99,313.54,155.53,84.12,506.69,77.37,174.18,157.04,365.83,271.51,309.87,351.78,44.23,96.98
2025-09-02,229.72,286.92,225.34,331.18,237.38,416.05,252.86,67.8,161.83,118.27,730.85,406.31,205.09,241.5,178.06,299.7,69.06,315.76,154.27,85.48,505.12,74.29,170.78,157.99,360.92,273.35,308.8,350.07,43.8,97.85
2025-09-03,238.47,283.85,225.99,323.71,232.38,415.12,256.45,67.67,158.06,117.38,730.56,407.71,201.7,244.1,178,299.51,68.99,316.39,152,84.18,505.35,74.74,170.62,158.17,363.03,276.55,307.88,350.87,43.74,99.44
2025-09-04,239.78,280.1,235.68,330.65,230.75,420.22,244.01,67.99,157.69,118.81,748.9,411.69,202.79,247.18,178.76,303.82,68.25,316.99,155.52,84.05,507.97,75.35,171.66,159.19,365.78,279.43,310.38,350.99,44.18,100.93
2025-09-05,239.69,283.64,232.33,326.22,229.61,423.08,250.76,66.9,153.66,117.91,738.21,418.95,201.93,248.53,178.43,294.38,67.96,314.38,155.3,84.71,495,73.91,167.02,160.02,372.43,275.22,315.39,343.22,44.38,100.51
2025-09-08,237.88,280.19,235.84,325.41,230.95,422.78,252.27,66.88,154,118.84,741.85,419.94,202.4,256.09,178.13,292.91,67.43,312.8,154,84.09,498.2,74.15,168.31,159.01,375.23,274.48,320.25,342.3,43.32,102.28
2025-09-09,234.35,279.97,238.24,324.34,229.52,418.09,252.06,67.34,154.85,117.37,763.92,415.34,201.89,259.11,176.96,297.85,67.86,312.52,153.08,84.61,498.41,73.6,170.76,159.46,361.38,273.55,347.92,343.99,43.57,102.29
2025-09-10,226.79,278.51,230.33,323.35,227.52,422.91,242.57,68.13,157.79,115.79,769.58,413.23,199.53,256.88,175.79,300.54,67.82,305.94,153.57,84.03,500.37,74.25,177.33,157.35,357.45,272.33,346.78,338.12,43.49,100.41
2025-09-11,230.03,282.73,229.95,329.32,219.99,431.38,246.28,67.69,158.25,117.08,784.73,423.42,202.93,257.01,178.5,305.56,67.62,308.43,159.47,85.15,501.01,74.33,177.17,158.63,368.68,279.43,353.61,343.49,44.14,102.65
2025-09-12,234.07,276.39,228.15,325.31,215.94,431.52,242.76,66.53,157.11,115.96,780.06,422.69,199.3,253.44,178.06,306.91,67.01,305.4,157.87,82.81,509.9,73,177.82,157.9,360.1,278.93,352.51,339.43,43.97,103.49
2025-09-15,236.7,274.4,231.43,327.26,215.75,435.94,242.52,67.02,157.31,115.62,786.76,422.71,199.57,256.24,177.4,308.9,66.21,302.07,156.66,81.02,515.36,73.03,177.75,156.83,357.08,276.3,347.89,339.05,43.87,103.69
2025-09-16,238.15,273.08,234.05,327.04,215.02,440.67,239.31,66.93,159.54,115.23,785.53,421.45,198.82,257.52,176.46,309.19,66.24,303.29,156.5,81.09,509.04,72.75,174.88,158.05,353.2,271.95,339.78,340.03,43.74,103.42
2025-09-17,238.99,274.71,231.62,336,214.63,450.66,242.21,67.72,160.09,116.1,794.22,417,199.51,259.08,177.2,311.75,67.04,304.97,155.16,81.14,510.02,72.31,170.29,160.33,350.21,275.03,341.61,346.2,44.21,104.27
2025-09-18,237.88,275.83,231.23,341.67,215.66,466.96,244.28,68.68,158.84,114.86,804.31,417.48,198.11,265,174.16,313.23,66.46,301.14,155.4,81.53,508.45,72.1,176.24,157.32,349.56,277.9,334.82,338.18,43.67,103.6
2025-09-19,245.5,285.41,231.48,341.12,215.65,466.54,247.09,68.21,156.21,113.76,805,415.69,197.33,266.4,176.19,314.78,66.43,302.38,156.6,81.51,517.93,70.89,176.67,156.04,346.8,277,336.69,341.61,43.48,102.33
2025-09-22,256.08,286,227.63,340.98,212.09,472.1,249.69,67.75,156.05,112.56,805.56,412,196.98,271.37,174.21,312.44,66.21,302.99,153.86,80.4,514.45,71.28,183.61,153.07,346.41,276.11,341.3,344.36,43.16,102.82
2025-09-23,254.43,286.81,220.71,341.47,216.34,471.26,244.56,67.54,157.42,112.25,806.32,410.91,197.28,272.24,176.58,312.74,66.71,303.19,156.29,79.96,509.23,70.93,178.43,152.5,344.45,276.26,347.69,338.7,43.35,102.52
2025-09-24,252.31,279.22,220.21,340.48,215.1,469.79,245.89,67.32,159.18,113.43,792.43,409.77,196.61,267.53,176.69,313.42,66.45,304.33,154.6,79.67,510.15,71.22,176.97,152.42,342.96,276.66,351.81,338.68,43.18,102.73
2025-09-25,256.87,271.18,218.15,340.18,213.53,463.72,240.95,67.85,160.72,112.99,794.76,407.45,195.76,281.44,177.73,313.45,65.98,302.3,153.03,77.6,507.03,69.24,177.69,152.15,340.1,274.22,345.56,334.93,43.35,103.05
2025-09-26,255.46,272.98,219.78,341.68,221.26,465.76,243.43,67.22,160.16,113.47,802.51,410.09,196.22,284.31,179.71,316.06,65.67,305.24,152.81,78.56,511.46,69.31,178.19,152.5,341.91,277.76,344.08,337.37,43.61,103.16
2025-09-29,254.43,273.97,222.17,342.31,217.08,471.61,245.1,67.72,156.1,114.78,804.12,406.8,197.25,279.8,181.62,315.69,66.04,302.99,154.08,78.58,514.6,69.55,181.85,153.53,342.92,276.5,345.18,340.16,43.25,103.08
2025-09-30,254.63,282.2,219.57,332.16,215.83,477.15,237,68.42,155.29,114.5,796.35,405.19,198.4,282.16,185.42,315.43,66.32,303.89,155.18,83.93,517.95,69.73,186.58,153.65,346.26,279.22,345.3,341.38,43.95,103.06
2025-10-01,255.45,298.5,220.63,328.56,215.2,480.82,235.69,68.75,154.58,112.95,785.51,397.02,198.1,286.49,186.05,310.71,66.78,300.52,156,90.13,519.71,74.2,187.24,153.18,341.22,277.24,348.3,347.83,43.83,101.96
2025-10-02,257.13,297.4,222.41,330.48,217.43,490.57,238.88,68.31,153.37,112.14,779.38,395.01,198.88,286.72,185.98,307.55,66.1,299.88,158.8,89.51,515.74,74.57,188.89,152.05,343.9,280.04,353.72,345.95,43.4,101.7
2025-10-03,258.02,297.89,219.51,330.24,216.3,497.85,240.36,67.92,153.55,112.47,789.98,395.06,197.03,288.37,188.64,310.03,66.65,300.98,158.66,89.19,517.35,71.93,187.62,152.27,346.6,284.56,360.2,349.84,43.67,102.07
2025-10-06,256.69,294.12,220.9,331.99,219.73,495.38,245.78,68.91,154.02,112.75,796.78,389.33,196.98,289.42,188.16,309.18,66.1,296.04,155.93,88.8,528.57,71.17,185.54,150.41,336.91,282.73,358.77,349.28,41.44,102.7
2025-10-07,256.48,295.54,221.78,327.97,221.82,486.71,239.74,68.99,154.91,112.53,789.65,386.81,196.97,293.87,188.89,307.69,66.79,296.32,155.33,87.61,523.98,68.91,185.04,152.54,337,284.97,363.66,352.42,41.4,103.24
2025-10-08,258.06,294.62,225.22,323.82,225.32,502.12,240.43,70.33,153.74,111.89,776.51,383.79,197.79,289.46,189.69,304.03,66.12,294.4,156,86.4,524.85,69.09,189.11,150.69,337.57,282.76,369.92,351.36,41.32,102.9
2025-10-09,254.04,295.43,227.74,324.44,216,500.36,245.33,69.96,151.64,110.99,779.96,377.69,192.49,288.23,191.08,305.53,66.37,293.81,152.88,87.5,522.4,68.06,192.57,150.58,333.22,274.41,367.69,347.04,40.83,101.77
2025-10-10,245.27,290.13,216.37,316.26,210.73,491.3,241.68,67.94,148.9,109.19,764.36,375.75,189.36,277.82,190.72,300.89,67.04,297.01,148.75,85.99,510.96,65.22,183.16,149.69,332.81,270.12,354.5,343.65,39.85,101.84
2025-10-13,247.66,292.4,220.07,323.12,215.56,504.76,248.75,67.46,151.94,110.27,786.78,379.37,191.24,277.22,190.9,307.97,66.8,300.11,151.1,85.7,514.05,67.38,188.32,147.49,332.16,270.38,358.66,343.3,39.75,102.12
2025-10-14,247.77,293.85,216.39,332.85,214.3,527.47,239.77,68.66,152.39,111.17,770.76,387.72,196.62,276.15,190.85,302.08,67.51,304.56,152.53,84.7,513.57,67.64,180.03,149.16,335.27,275.64,359.93,348.38,40.55,107.21
2025-10-15,249.34,297.32,215.57,330.66,214,534.05,236.58,69.52,152.11,111.71,767.93,388.3,190.86,280.75,191.17,305.69,67.08,305.25,153.47,84.11,513.43,68.46,179.83,147.42,332.73,269.45,361.15,345.69,40.38,109.03
2025-10-16,247.45,295.81,214.47,323.12,211.89,540.96,246,69.09,151.71,109.88,758.09,387.39,191.49,275.97,192.12,298.54,67.59,305.33,151.41,83.92,511.61,66.84,181.81,149.6,331.46,261.57,356.67,335.4,40.36,106.47
2025-10-17,252.29,298.81,213.04,346.62,212.94,527.08,243.08,70.13,153.08,110.67,750.77,391.9,191.29,281.28,193.22,297.56,68.44,308.09,152.64,84.79,513.58,67.37,183.22,151.4,330.74,262.01,356.6,341.89,40.55,107.73
2025-10-20,262.24,303.33,216.48,349.48,216.82,531.18,254.28,70.65,154.48,111.96,763.32,388.89,194.18,283.65,193.72,302.36,68.44,307.77,154.78,86.32,516.79,67.62,182.64,151.96,331.24,265.25,364.48,344.41,40.8,107.05
2025-10-21,262.77,301.14,222.03,355.22,217.26,524.65,263.41,70.72,153.79,114.3,758.98,390.9,197.06,282.05,191.88,297.09,71.22,307.48,166.64,87.62,517.66,68.36,181.16,151.62,338.44,269.34,365.37,347.21,40.3,106.22
2025-10-22,258.45,295.98,217.95,352,216.59,513.91,256.64,70.66,155.57,113.08,744.6,388.97,194.73,287.51,192.94,294.11,70.81,310.11,167.23,87.61,520.54,69.08,180.28,152.2,333.81,268.49,361.49,345.36,39.8,107.14
2025-10-23,259.58,292.89,221.09,354.93,217.77,520.5,255.05,70.27,156.56,113.03,750.78,385.03,207.98,285,192.47,294.54,69.94,306.97,171.6,87.18,520.56,69.68,182.16,152.21,331.75,269.1,360.45,345.96,38.4,106.86
2025-10-24,262.82,291.76,224.21,357.56,221.35,522.73,254.83,70.63,155.56,111.68,783.88,386.68,203.71,307.46,190.4,300.44,69.71,305.79,168.5,87.49,523.61,69.11,186.26,152.49,334,269.89,362.5,347.38,38.82,106.17
2025-10-27,268.81,291.16,226.97,361.67,223,527.07,255.47,71.39,155.28,112.34,789.99,385.27,202.71,313.09,190.3,304.15,70.06,310,168.4,88,531.52,68.59,191.49,151.74,336.08,270.34,365.98,347.82,39.23,104.47
2025-10-28,269,292.09,229.25,361.03,223.33,524.47,254.26,72.62,154.13,111.65,792.09,385.75,202.08,312.57,186.93,305.36,70.16,306.4,166.83,87.03,542.07,67.43,201.03,151.37,354.45,268.13,367.84,346.9,39.32,103.17
2025-10-29,269.7,291.77,230.3,358.22,213.58,585.49,251.46,71.33,155.1,110.24,783.06,378.04,200.65,308.21,186.6,305.51,68.35,302.35,164.63,86.58,541.55,65.35,207.04,148.77,345.73,267.91,355.26,341.28,40.21,102.46
2025-10-30,271.4,292,222.86,358.88,200.08,583.15,256.65,72.91,153.52,111.84,790.16,379.55,200.11,310.06,189.05,309.44,68.98,302.43,166.45,86.28,525.76,64.9,202.89,149.58,347.9,271.01,344.75,345.03,38.96,102.23
2025-10-31,270.37,298.43,244.22,360.73,201.02,577.26,260.41,73.11,157.72,112.62,789.37,379.59,201.33,307.41,188.87,311.12,68.9,298.43,166.5,85.98,517.81,64.59,202.49,150.37,344.94,268.62,341.56,340.74,39.74,101.18
2025-11-03,269.05,296.3,254,361.62,204.55,570.59,261.34,74.45,154.04,112.12,785.52,378.35,197.77,304.73,186.26,309.35,67.97,296.37,162.19,82.49,517.03,62.65,206.88,148.02,345.64,267.66,333.79,336.9,39.47,101.59
2025-11-04,270.04,296.7,249.32,360.49,198.05,547.58,254.44,72.32,153.39,111.47,790.83,383.08,196.46,300.85,186.86,309.25,68.66,299.21,160.59,83.86,514.33,61.23,198.69,147.17,342.98,277.28,330.83,340.3,39.32,102.27
2025-11-05,270.14,319.86,250.2,365.8,197.62,569.15,252.68,72.1,152.66,111.36,793.09,373.84,197.05,306.77,186,311.68,68.51,305.67,164.32,84.39,507.16,62.11,195.21,145.79,335.77,276.65,327.74,340.04,39.69,101.47
2025-11-06,269.77,315.59,243.04,365.73,196.5,569.78,239.27,71.04,152.94,110.49,787.58,369.07,195.91,312.42,186.97,313.42,69.06,298.41,163.85,85.78,497.1,61.89,188.08,146.13,333.66,276.26,321.56,336.96,39.82,101.68
2025-11-07,268.47,320.2,244.41,368.54,194.61,563.1,239.88,71.07,155.02,110.74,786.34,371.11,194.07,306.38,186.57,314.21,70.55,299.66,164.84,86.28,496.82,61.09,188.15,146.98,340.16,279.81,324.21,336.02,40.03,102.59
2025-11-10,269.43,323.66,248.4,367.88,194.81,570.85,241.71,72.09,155.65,112.24,797.2,370.43,196.07,309.13,188.41,316.89,70.52,299.1,167.67,86.75,506,60.8,199.05,145.5,342.55,282.39,321.58,334.85,39.85,102.42
2025-11-11,275.25,338.45,249.1,370.16,195.21,567.93,244.5,71.71,156.24,114.85,810.31,374.24,200.41,313.72,193.83,315.62,71.61,306.83,168.67,90.95,508.68,63.15,193.16,148.54,345.08,286.02,327.45,338.92,40.7,103.44
2025-11-12,273.47,336.28,244.2,372.77,195.5,573.02,246.02,73.96,153.32,116.65,838.97,371.13,201.59,314.98,194.39,320.41,71.51,306.94,171.08,91.45,511.14,64.2,193.8,148.01,344.72,286.13,339.06,338.88,40.8,103.44
2025-11-13,272.95,336,237.58,364.73,194.58,553.55,240.43,77.38,155.58,107.61,805.5,368.07,199.87,304.86,195.25,309.48,71.07,307.58,170.62,92.93,503.29,66.03,186.86,147.96,338.84,287.42,332.52,336.08,41.11,102.54
2025-11-14,272.41,336.74,234.69,357.18,194.52,554.03,243.66,78,157.62,105.8,790.91,362.36,199.04,305.69,195.93,303.61,71.16,307.03,167.58,92.92,510.18,64.17,190.17,147.67,332.18,287.29,321.86,330.02,41.06,102.48
2025-11-17,267.46,341.71,232.87,341.25,191.81,552.05,237.03,77.78,154.82,105.69,775.56,358.03,196.08,297.17,199.58,300.37,70.68,304.9,165.39,92.86,507.49,62.9,186.6,145.82,326.81,284.51,320.52,325.75,41.01,102.95
2025-11-18,267.44,343.99,222.55,340.66,189.63,546.88,233.5,77.37,153.62,106.28,776.3,336.48,191.45,289.95,200,299.41,71.22,304.59,165.79,96.43,493.79,62.49,181.36,146.99,323.83,286.85,313.58,321.18,41.48,101.39
2025-11-19,268.56,342.4,222.69,344.64,185.7,553.11,227.88,78.39,151.7,104.67,785.99,334.5,190.57,288.53,202.51,303.27,71.11,302.74,166.58,95.05,487.12,62.64,186.52,146.99,329.78,285.47,309.09,324.12,41.19,100.61
2025-11-20,266.25,336.07,217.14,343.8,179.38,546.13,225.37,75.44,150.31,102.7,773.7,332.38,188.14,290.4,203.07,298.38,71.21,304.16,164.61,94.97,478.43,61.43,180.64,148.19,328.01,287.85,311.54,323.77,40.76,107.11
2025-11-21,271.49,337.54,220.69,352.89,179.7,550.43,227.11,76.1,149.98,104.28,774.03,343.32,190.02,297.44,203.9,298.02,72.95,309.35,168.09,97.76,472.12,62.8,178.88,150.92,337.06,290.07,319.97,327.98,41.23,105.32
2025-11-24,275.92,334.3,226.28,355.93,179.12,559.6,226.82,76.24,149.75,101.94,790.71,336.58,188.66,304.12,206.05,298,72.59,304.9,169.56,100.4,474,61.93,182.55,146.98,338,290.84,319.05,329.3,40.21,104.06
2025-11-25,276.97,341.11,229.67,362.64,182.44,566.61,234.12,76.32,148.53,103.31,802.32,351.07,191.02,304.48,206.67,303,72.61,310.45,171.54,105.66,476.99,63.68,177.82,148.49,342.65,293.7,326.28,334.53,40.59,107
2025-11-26,277.55,344.57,229.16,363.97,186.92,573.73,228.15,76.07,149.51,103.43,816.01,355.47,189.99,303.21,207.56,307.64,72.88,312.4,170.8,104.63,485.5,64.33,180.26,148.25,343.39,294.52,329.71,333.79,40.88,109.1
2025-11-28,278.85,345.46,233.22,365.27,189,575.76,230.54,76.94,151.13,104.47,826.04,356.92,192.19,308.58,206.92,313.08,73.12,311.82,172.05,104.83,492.01,64.63,177,148.16,343.69,292.86,329.77,334.44,41.11,110.51
2025-12-01,283.1,337.49,233.88,360.31,186.46,568.06,232.83,76.04,152.54,106.77,810.86,357.33,190.22,305.67,205.34,308.92,71.95,303.57,170.48,101.83,486.74,65.39,179.92,147.44,341.49,290.5,323.21,330.39,40.74,111.53
2025-12-02,286.19,338.36,234.42,360.7,205.38,582.47,234.71,76.87,150.25,104.83,815.21,354.03,193.15,301.78,205.42,307.88,70.67,300.72,171.56,101.03,490,64.93,181.46,145.86,337.49,288.52,324.54,329.62,40.61,112.41
2025-12-03,284.15,345.42,232.38,368.13,202.54,591.49,238.72,77.75,151.59,105.74,836.57,357.91,193.47,302.62,205.33,312.13,70.81,307.71,173.09,102.27,477.73,65.65,179.59,146.71,339.24,284.27,339.71,329.61,40.67,114.41
2025-12-04,280.7,340.16,229.11,371.15,201.87,599.15,247.46,77.76,152.26,105.47,837.83,351.17,192.23,307.99,202.48,316.1,70.45,308.54,169.27,100.89,480.84,65.69,183.38,145.36,335.37,282.85,333.49,327.1,41.26,114.84
2025-12-05,278.78,329.89,229.53,370.35,201.89,603.17,260.57,77.97,150,105.3,854.56,354.61,191.33,307.94,201.93,315.04,70,311.23,167.48,99.72,483.16,65.86,182.41,143.45,333.11,280.89,330.91,331.24,41.69,115.11
2025-12-08,277.89,321.23,226.89,362.28,206.27,596.5,259.53,78.86,148.71,107.63,866.69,349.91,191.99,309.18,201.62,315.21,70.25,309.79,163.96,98.93,491.02,63.54,185.55,138.34,327.13,279.87,323.62,326.84,41.3,113.56
2025-12-09,277.18,313.85,227.92,363.91,200.37,594.36,261.02,79.51,148.49,107.02,876.58,345.27,190.17,310.48,199.96,300.51,70.09,310.79,165.09,96.89,492.02,63.33,184.97,139.63,321.14,279.16,323.6,326.5,40.14,115.06
2025-12-10,278.78,315.38,231.78,375.57,198.72,615.35,264.2,80.25,151.41,108.83,889.24,351.13,192.06,312.67,206.54,310.11,70.21,310.53,165.66,97.62,478.56,65.79,183.78,139.82,326.27,278.35,328.37,325.73,39.92,113.18
2025-12-11,278.03,317.38,230.28,384.89,200.71,625.61,262.35,79.27,150.72,111.46,911.03,357.46,193.85,310.74,210.01,317.38,69.11,309.71,168.6,99.01,483.47,67.74,180.93,140.76,329.3,282.88,336.73,345.63,40.22,115.52
2025-12-12,278.28,317.74,226.19,382.56,204.38,597.89,262.23,77.8,149.99,111.6,887.96,359.65,193.66,309.24,211.58,318.52,70.52,316.72,168.9,100.3,478.53,67.47,175.02,142.84,328.69,285.31,341.84,347.83,40.89,116.7
2025-12-15,274.11,325.31,222.54,382.57,205.5,589.76,254.58,78.25,149.8,110.49,889.59,356.99,197.45,308.66,214.17,320.02,70.97,318.73,165.7,100.26,474.82,67.78,176.29,145.13,328.45,290.59,341.1,346.89,40.8,116.79
2025-12-16,274.61,326.74,222.56,380.75,206.71,588.93,254.91,77.55,146.75,111.62,879.15,352.68,198.26,303.18,209.3,315.55,70.37,314.5,163.2,98.27,476.39,67.12,177.72,145.21,327.87,289.61,334.2,345.11,40.75,115.42
2025-12-17,271.84,326.01,221.27,375.61,206.33,561.89,258.14,76,149.52,110.63,872.33,356.75,199.89,303.32,210.33,314.98,70.67,318.69,162.17,99.18,476.12,65.69,170.94,147.81,327.95,291.27,331.63,344.41,40.88,115.66
2025-12-18,272.19,324.42,226.76,375.52,208.27,565.83,257.85,76.95,147.69,111.87,876.3,354.99,198.08,300.45,208.31,313,70.36,319.65,161.76,100.69,483.98,65.63,174.14,145.52,325.36,293.65,328.14,346.01,40.41,114.83
2025-12-19,273.67,327.38,227.35,376.51,214.08,576.22,259.91,78.42,147.75,111.24,893.48,345,199.11,300.98,206.37,317.21,70.06,315.84,161.96,101.09,485.92,58.71,180.99,144.46,320.86,292.92,327.42,349.25,39.82,114.36
2025-12-22,270.97,331.39,228.43,380.85,216.84,582.41,264.63,78.11,149.8,112.38,899,346.39,195.96,302.79,207.32,323.09,70.21,316.22,160,104.72,484.92,57.22,183.69,142.69,323.84,291.64,325.16,352.09,39.98,112.6
2025-12-23,272.36,331.49,232.14,382.19,216.85,582.42,263.43,78.02,150.51,113.22,901.71,344.97,195.5,303.78,205.78,325.93,69.87,310.84,160.15,105.04,486.85,57.34,189.21,143.18,324.05,292.46,324.8,353.38,39.92,110.9
2025-12-24,273.81,333.96,232.38,383.11,218.16,583.76,265.26,78.02,150.5,114.48,910.78,347.34,196.93,304.56,207.78,329.17,70.11,313.33,160.34,106.45,488.02,60,188.61,144.49,325.35,293.84,327.58,355.14,40.32,111.61
2025-12-26,273.4,332.93,232.52,381.05,216.44,583,266.08,78.16,150.02,113.56,907.04,349.78,197.37,305.09,207.63,327.91,69.87,310.68,162.08,106.78,487.71,60.93,190.53,144.74,325.44,292.12,331.83,355,40.48,111.74
2025-12-29,273.76,329.63,232.07,375.32,217.25,578.61,266.23,77.79,150.99,114.19,892.18,347.45,197.09,305.74,207.56,323.75,70.16,308.53,161.72,106.62,487.1,61.21,188.22,144.57,325.23,291.93,328.94,354.61,40.48,112.53
2025-12-30,273.08,328.69,232.53,373.39,218.5,577.39,265.92,77.41,152.31,114.79,884.42,346.35,196.36,302.05,206.91,323.42,70.07,308.03,161.17,106.06,487.48,61.19,187.54,144.05,326.16,292.38,332.16,353.62,40.7,111.92
2025-12-31,271.86,327.31,230.82,369.95,217.12,572.87,264.91,77.03,152.41,113.77,879,344.1,195.09,296.21,206.95,322.22,69.91,305.63,160.1,105.26,483.62,63.71,186.5,143.31,324.03,290.06,330.11,350.71,40.73,111.41
